Algorithm,Metric,N,Mean,SD,Median,Min,Max,CI_95_Lower,CI_95_Upper,CI_95_Half
FCFS,Total_Energy_Cost_INR,20,187371.5335,11981.3589,185720.625,166645.04,208592.58,181764.0849,192978.9821,5607.4486
FCFS,Total_Energy_kWh,20,18220.1728,1636.1139,17990.3012,15894.55,21264.5775,17454.4479,18985.8976,765.7249
FCFS,Peak_Hour_Load_kW,20,784.48,0.0,784.48,784.48,784.48,784.48,784.48,0.0
FCFS,Total_Carbon_Emissions_tCO2,20,735.8731,69.8749,725.2529,626.0097,863.2475,703.1706,768.5756,32.7025
FCFS,Average_Waiting_Time_min,20,63.1055,25.3621,54.47,30.45,132.22,51.2357,74.9753,11.8698
FCFS,Makespan_hours,20,47.8875,1.2179,47.875,44.75,49.75,47.3175,48.4575,0.57
FCFS,Machine_Utilization_pct,20,48.217,4.1299,48.125,39.92,55.63,46.2842,50.1498,1.9328
FCFS,On_Time_Completion_pct,20,100.0,0.0,100.0,100.0,100.0,100.0,100.0,0.0
FCFS,Late_Jobs,20,0.0,0.0,0.0,0.0,0.0,0.0,0.0,0.0
FCFS,Total_Delay_min,20,0.0,0.0,0.0,0.0,0.0,0.0,0.0,0.0
SPT,Total_Energy_Cost_INR,20,171576.084,9141.3232,169140.58,158431.35,185762.35,167297.813,175854.355,4278.271
SPT,Total_Energy_kWh,20,18311.0161,1661.696,18196.9175,15890.855,21248.915,17533.3184,19088.7138,777.6977
SPT,Peak_Hour_Load_kW,20,762.53,33.2589,784.48,689.48,784.48,746.9643,778.0957,15.5657
SPT,Total_Carbon_Emissions_tCO2,20,799.4963,74.662,793.0425,691.7655,925.3963,764.5534,834.4392,34.9429
SPT,Average_Waiting_Time_min,20,88.717,22.9207,84.915,39.28,139.72,77.9898,99.4442,10.7272
SPT,Makespan_hours,20,49.7375,1.903,49.25,46.25,53.5,48.8469,50.6281,0.8906
SPT,Machine_Utilization_pct,20,46.4175,3.72,46.175,39.92,52.63,44.6765,48.1585,1.741
SPT,On_Time_Completion_pct,20,98.5965,0.8879,98.605,97.0,100.0,98.181,99.012,0.4155
SPT,Late_Jobs,20,2.55,1.6694,2.5,0.0,6.0,1.7687,3.3313,0.7813
SPT,Total_Delay_min,20,498.75,498.3707,352.5,0.0,2145.0,265.5053,731.9947,233.2447
LPT,Total_Energy_Cost_INR,20,189146.075,13613.0018,190560.395,163485.44,209921.61,182774.994,195517.156,6371.081
LPT,Total_Energy_kWh,20,18239.9331,1733.5952,18078.0025,15786.85,21470.4175,17428.5856,19051.2806,811.3475
LPT,Peak_Hour_Load_kW,20,784.48,0.0,784.48,784.48,784.48,784.48,784.48,0.0
LPT,Total_Carbon_Emissions_tCO2,20,730.5484,75.5071,705.8745,640.9335,869.1965,695.21,765.8868,35.3384
LPT,Average_Waiting_Time_min,20,76.3875,33.7731,65.34,27.28,166.72,60.5812,92.1938,15.8063
LPT,Makespan_hours,20,47.725,1.3226,47.875,44.75,49.75,47.106,48.344,0.619
LPT,Machine_Utilization_pct,20,48.3845,4.1446,48.42,40.13,55.63,46.4448,50.3242,1.9397
LPT,On_Time_Completion_pct,20,99.629,0.6289,100.0,98.0,100.0,99.3346,99.9234,0.2944
LPT,Late_Jobs,20,0.7,1.2183,0.0,0.0,4.0,0.1298,1.2702,0.5702
LPT,Total_Delay_min,20,83.25,152.2314,0.0,0.0,555.0,12.0035,154.4965,71.2465
EDD,Total_Energy_Cost_INR,20,183513.597,12424.1363,181673.31,162411.53,201594.79,177698.9222,189328.2718,5814.6748
EDD,Total_Energy_kWh,20,18278.7247,1749.582,17939.7525,15938.9475,21411.86,17459.8952,19097.5543,818.8296
EDD,Peak_Hour_Load_kW,20,782.73,7.8262,784.48,749.48,784.48,779.0672,786.3928,3.6628
EDD,Total_Carbon_Emissions_tCO2,20,758.6573,71.476,737.1363,661.9922,874.9659,725.2055,792.1091,33.4518
EDD,Average_Waiting_Time_min,20,71.2775,21.0128,64.95,37.45,118.88,61.4432,81.1118,9.8343
EDD,Makespan_hours,20,48.1375,1.3966,48.0,44.75,50.5,47.4839,48.7911,0.6536
EDD,Machine_Utilization_pct,20,47.978,4.1999,48.125,39.92,55.63,46.0124,49.9436,1.9656
EDD,On_Time_Completion_pct,20,100.0,0.0,100.0,100.0,100.0,100.0,100.0,0.0
EDD,Late_Jobs,20,0.0,0.0,0.0,0.0,0.0,0.0,0.0,0.0
EDD,Total_Delay_min,20,0.0,0.0,0.0,0.0,0.0,0.0,0.0,0.0
Energy_Unaware_Greedy,Total_Energy_Cost_INR,20,191935.5675,12152.2716,192652.735,170649.43,210100.35,186248.1293,197623.0057,5687.4382
Energy_Unaware_Greedy,Total_Energy_kWh,20,18930.8999,1758.381,18802.945,16134.8775,21850.73,18107.9522,19753.8475,822.9476
Energy_Unaware_Greedy,Peak_Hour_Load_kW,20,784.48,0.0,784.48,784.48,784.48,784.48,784.48,0.0
Energy_Unaware_Greedy,Total_Carbon_Emissions_tCO2,20,768.0739,76.1908,761.052,635.2462,885.6954,732.4155,803.7323,35.6584
Energy_Unaware_Greedy,Average_Waiting_Time_min,20,64.056,24.9779,55.505,26.81,126.83,52.366,75.746,11.69
Energy_Unaware_Greedy,Makespan_hours,20,47.9375,1.1723,48.125,44.75,49.75,47.3889,48.4861,0.5486
Energy_Unaware_Greedy,Machine_Utilization_pct,20,48.1705,4.1889,48.25,40.13,55.63,46.21,50.131,1.9605
Energy_Unaware_Greedy,On_Time_Completion_pct,20,100.0,0.0,100.0,100.0,100.0,100.0,100.0,0.0
Energy_Unaware_Greedy,Late_Jobs,20,0.0,0.0,0.0,0.0,0.0,0.0,0.0,0.0
Energy_Unaware_Greedy,Total_Delay_min,20,0.0,0.0,0.0,0.0,0.0,0.0,0.0,0.0
Makespan_Greedy,Total_Energy_Cost_INR,20,187168.6795,12691.9497,186433.005,163268.28,212412.42,181228.6642,193108.6948,5940.0153
Makespan_Greedy,Total_Energy_kWh,20,18199.4689,1703.6513,17931.7825,15723.8125,20953.7425,17402.1355,18996.8022,797.3334
Makespan_Greedy,Peak_Hour_Load_kW,20,784.48,0.0,784.48,784.48,784.48,784.48,784.48,0.0
Makespan_Greedy,Total_Carbon_Emissions_tCO2,20,736.6895,73.0969,720.2292,643.7469,852.8819,702.4791,770.9,34.2104
Makespan_Greedy,Average_Waiting_Time_min,20,64.017,25.6144,53.82,28.5,131.7,52.0291,76.0049,11.9879
Makespan_Greedy,Makespan_hours,20,47.95,1.2685,48.125,44.75,50.0,47.3563,48.5437,0.5937
Makespan_Greedy,Machine_Utilization_pct,20,48.157,4.1472,48.3,39.92,55.63,46.2161,50.0979,1.9409
Makespan_Greedy,On_Time_Completion_pct,20,100.0,0.0,100.0,100.0,100.0,100.0,100.0,0.0
Makespan_Greedy,Late_Jobs,20,0.0,0.0,0.0,0.0,0.0,0.0,0.0,0.0
Makespan_Greedy,Total_Delay_min,20,0.0,0.0,0.0,0.0,0.0,0.0,0.0,0.0
FD_PDTS_Deterministic,Total_Energy_Cost_INR,20,169841.125,14116.4954,170598.615,139227.95,190209.28,163234.4018,176447.8482,6606.7232
FD_PDTS_Deterministic,Total_Energy_kWh,20,16598.6035,1930.1512,16591.8537,13126.555,20239.4575,15695.2649,17501.9421,903.3386
FD_PDTS_Deterministic,Peak_Hour_Load_kW,20,780.73,16.7705,784.48,709.48,784.48,772.8812,788.5788,7.8488
FD_PDTS_Deterministic,Total_Carbon_Emissions_tCO2,20,683.8624,83.4684,680.2099,542.2984,847.4295,644.798,722.9268,39.0644
FD_PDTS_Deterministic,Average_Waiting_Time_min,20,98.358,25.6707,90.84,56.06,160.65,86.3438,110.3722,12.0142
FD_PDTS_Deterministic,Makespan_hours,20,48.55,1.2866,48.625,45.5,50.5,47.9479,49.1521,0.6021
FD_PDTS_Deterministic,Machine_Utilization_pct,20,47.5555,4.042,47.86,40.13,55.63,45.6638,49.4472,1.8917
FD_PDTS_Deterministic,On_Time_Completion_pct,20,100.0,0.0,100.0,100.0,100.0,100.0,100.0,0.0
FD_PDTS_Deterministic,Late_Jobs,20,0.0,0.0,0.0,0.0,0.0,0.0,0.0,0.0
FD_PDTS_Deterministic,Total_Delay_min,20,0.0,0.0,0.0,0.0,0.0,0.0,0.0,0.0
FD_PDTS_Robust,Total_Energy_Cost_INR,20,169397.152,14695.0703,169838.205,139227.95,191760.67,162519.6474,176274.6566,6877.5046
FD_PDTS_Robust,Total_Energy_kWh,20,16586.5465,2007.9806,16373.2013,13126.555,20211.435,15646.7826,17526.3104,939.7639
FD_PDTS_Robust,Peak_Hour_Load_kW,20,780.73,16.7705,784.48,709.48,784.48,772.8812,788.5788,7.8488
FD_PDTS_Robust,Total_Carbon_Emissions_tCO2,20,686.4309,87.2394,687.5585,542.2984,840.6451,645.6016,727.2602,40.8293
FD_PDTS_Robust,Average_Waiting_Time_min,20,99.9885,25.4775,93.725,56.06,158.78,88.0647,111.9123,11.9238
FD_PDTS_Robust,Makespan_hours,20,48.775,1.3763,48.625,45.25,50.5,48.1309,49.4191,0.6441
FD_PDTS_Robust,Machine_Utilization_pct,20,47.35,4.1694,47.505,40.13,55.63,45.3986,49.3014,1.9514
FD_PDTS_Robust,On_Time_Completion_pct,20,100.0,0.0,100.0,100.0,100.0,100.0,100.0,0.0
FD_PDTS_Robust,Late_Jobs,20,0.0,0.0,0.0,0.0,0.0,0.0,0.0,0.0
FD_PDTS_Robust,Total_Delay_min,20,0.0,0.0,0.0,0.0,0.0,0.0,0.0,0.0
CP_SAT_Warm,Total_Energy_Cost_INR,20,127254.2775,11344.8063,126597.395,104795.5,145579.81,121944.7447,132563.8103,5309.5328
CP_SAT_Warm,Total_Energy_kWh,20,12767.2009,1722.0599,12499.2775,9861.04,15948.1025,11961.252,13573.1497,805.9488
CP_SAT_Warm,Peak_Hour_Load_kW,20,491.58,70.843,454.48,344.48,609.48,458.4245,524.7355,33.1555
CP_SAT_Warm,Total_Carbon_Emissions_tCO2,20,558.8012,74.7852,550.0254,451.7554,700.9922,523.8006,593.8018,35.0006
CP_SAT_Warm,Average_Waiting_Time_min,20,109.1965,27.2778,104.055,61.97,170.32,96.4301,121.9629,12.7664
CP_SAT_Warm,Makespan_hours,20,49.2375,1.4588,49.25,46.0,51.5,48.5548,49.9202,0.6827
CP_SAT_Warm,Machine_Utilization_pct,20,46.9075,4.1674,46.76,40.34,55.06,44.9571,48.8579,1.9504
CP_SAT_Warm,On_Time_Completion_pct,20,100.0,0.0,100.0,100.0,100.0,100.0,100.0,0.0
CP_SAT_Warm,Late_Jobs,20,0.0,0.0,0.0,0.0,0.0,0.0,0.0,0.0
CP_SAT_Warm,Total_Delay_min,20,0.0,0.0,0.0,0.0,0.0,0.0,0.0,0.0
CP_SAT_Cold,Total_Energy_Cost_INR,20,88827.297,10264.6703,86589.285,74681.14,107694.7,84023.2834,93631.3106,4804.0136
CP_SAT_Cold,Total_Energy_kWh,20,12588.631,1765.0622,12293.0825,9836.14,15532.6325,11762.5565,13414.7055,826.0745
CP_SAT_Cold,Peak_Hour_Load_kW,20,153.43,47.3503,161.48,86.48,249.48,131.2694,175.5906,22.1606
CP_SAT_Cold,Total_Carbon_Emissions_tCO2,20,672.4658,76.2479,655.1268,565.7635,808.9419,636.7807,708.1509,35.6851
CP_SAT_Cold,Average_Waiting_Time_min,20,445.0555,22.2368,447.665,404.33,477.77,434.6484,455.4626,10.4071
CP_SAT_Cold,Makespan_hours,20,56.7,1.5079,56.875,53.75,59.25,55.9943,57.4057,0.7057
CP_SAT_Cold,Machine_Utilization_pct,20,40.7235,3.5171,40.555,35.09,46.28,39.0775,42.3695,1.646
CP_SAT_Cold,On_Time_Completion_pct,20,93.1625,1.9442,92.565,90.26,96.88,92.2526,94.0724,0.9099
CP_SAT_Cold,Late_Jobs,20,12.25,3.6974,13.5,5.0,19.0,10.5195,13.9805,1.7305
CP_SAT_Cold,Total_Delay_min,20,677.25,227.3444,675.0,330.0,1170.0,570.8496,783.6504,106.4004
