Total_Energy_Cost_INR,Total_Energy_kWh,Peak_Hour_Load_kW,Makespan_min,Makespan_hours,Machine_Utilization_pct,Average_Waiting_Time_min,Total_Idle_Time_min,Total_Delay_min,Late_Jobs,On_Time_Completion_pct,Total_Carbon_Emissions_tCO2,Total_Power_Factor_Penalty_INR,Algorithm,Seed,N_Jobs,N_Machines,Runtime_s,Solver_Status,Optimality_Proven,Objective_Value,Best_Bound,Warm_Start
181528.39,16944.52,784.48,2835.0,47.25,45.77,45.0,12300.0,0.0,0,100.0,671.863007,30660.46,FCFS,42,160,8,0.004,GREEDY,False,,,
164128.32,16840.5625,784.48,2880.0,48.0,45.05,78.56,12660.0,675.0,4,97.5,723.103606,27934.6,SPT,42,160,8,0.004,GREEDY,False,,,
179591.66,16871.4025,784.48,2835.0,47.25,45.77,58.22,12300.0,0.0,0,100.0,666.583538,30458.27,LPT,42,160,8,0.004,GREEDY,False,,,
174318.0,16900.3,784.48,2835.0,47.25,45.77,65.16,12300.0,0.0,0,100.0,705.152954,29451.58,EDD,42,160,8,0.005,GREEDY,False,,,
181284.24,17014.6275,784.48,2835.0,47.25,45.77,46.69,12300.0,0.0,0,100.0,668.59307,30723.95,Energy_Unaware_Greedy,42,160,8,0.004,GREEDY,False,,,
177671.44,16698.575,784.48,2835.0,47.25,45.77,54.09,12300.0,0.0,0,100.0,659.667833,30031.08,Makespan_Greedy,42,160,8,0.007,GREEDY,False,,,
162874.77,15343.7,784.48,2850.0,47.5,45.53,88.69,12420.0,0.0,0,100.0,624.773448,27657.56,FD_PDTS_Deterministic,42,160,8,0.031,GREEDY,False,,,
160398.34,15153.155,784.48,3030.0,50.5,42.82,100.22,13860.0,0.0,0,100.0,619.542551,27323.97,FD_PDTS_Robust,42,160,8,0.032,GREEDY,False,,,
120013.58,11342.3925,454.48,3090.0,51.5,41.99,112.5,14340.0,0.0,0,100.0,481.530977,20373.84,CP_SAT_Warm,42,160,8,120.03,FEASIBLE,False,217208820.0,129888730.0,True
78227.79,10915.39,161.48,3345.0,55.75,38.79,423.0,16380.0,330.0,5,96.88,578.327933,13572.8,CP_SAT_Cold,42,160,8,120.04,FEASIBLE,False,125188140.0,4238120.0,False
181474.03,16956.62,784.48,2685.0,44.75,49.3,57.42,10890.0,0.0,0,100.0,667.603602,30638.92,FCFS,43,180,8,0.004,GREEDY,False,,,
167869.8,17440.62,784.48,2775.0,46.25,47.7,84.83,11610.0,375.0,2,98.89,752.890593,28412.34,SPT,43,180,8,0.005,GREEDY,False,,,
192965.36,17768.045,784.48,2685.0,44.75,49.3,64.92,10890.0,0.0,0,100.0,679.362278,32508.6,LPT,43,180,8,0.005,GREEDY,False,,,
182465.59,17881.765,784.48,2685.0,44.75,49.3,61.75,10890.0,0.0,0,100.0,731.277259,30705.88,EDD,43,180,8,0.005,GREEDY,False,,,
188384.4,18029.9575,784.48,2685.0,44.75,49.3,54.25,10890.0,0.0,0,100.0,705.213726,31810.57,Energy_Unaware_Greedy,43,180,8,0.005,GREEDY,False,,,
187336.57,17509.2475,784.48,2685.0,44.75,49.3,52.08,10890.0,0.0,0,100.0,683.080533,31566.23,Makespan_Greedy,43,180,8,0.004,GREEDY,False,,,
168013.55,15861.5025,784.48,2730.0,45.5,48.49,92.58,11250.0,0.0,0,100.0,637.147875,28442.75,FD_PDTS_Deterministic,43,180,8,0.032,GREEDY,False,,,
166789.51,15947.3025,784.48,2715.0,45.25,48.76,99.0,11130.0,0.0,0,100.0,644.997097,28242.84,FD_PDTS_Robust,43,180,8,0.032,GREEDY,False,,,
125776.72,12117.04,454.48,2760.0,46.0,47.96,107.08,11490.0,0.0,0,100.0,516.061106,21356.05,CP_SAT_Warm,43,180,8,120.02,FEASIBLE,False,226894070.0,138345190.0,True
86557.24,12262.3675,161.48,3300.0,55.0,40.11,460.17,15810.0,765.0,15,91.67,653.965052,15152.49,CP_SAT_Cold,43,180,8,120.19,FEASIBLE,False,137942400.0,2940050.0,False
199525.38,20158.935,784.48,2895.0,48.25,53.95,87.79,10665.0,0.0,0,100.0,827.4958,34001.88,FCFS,44,190,8,0.005,GREEDY,False,,,
184328.33,21012.395,784.48,3075.0,51.25,50.79,110.92,12105.0,150.0,3,98.42,925.396282,31742.75,SPT,44,190,8,0.005,GREEDY,False,,,
202790.99,20281.5925,784.48,2895.0,48.25,53.95,125.21,10665.0,195.0,2,98.95,840.674144,34468.71,LPT,44,190,8,0.005,GREEDY,False,,,
200727.27,20998.915,784.48,2880.0,48.0,54.23,91.11,10545.0,0.0,0,100.0,866.828427,34318.81,EDD,44,190,8,0.005,GREEDY,False,,,
205875.94,21413.025,784.48,2895.0,48.25,53.95,93.16,10665.0,0.0,0,100.0,885.695416,35132.68,Energy_Unaware_Greedy,44,190,8,0.005,GREEDY,False,,,
203325.28,20590.665,784.48,2895.0,48.25,53.95,84.87,10665.0,0.0,0,100.0,846.973586,34586.19,Makespan_Greedy,44,190,8,0.005,GREEDY,False,,,
186755.31,19391.0325,784.48,2970.0,49.5,52.59,129.95,11265.0,0.0,0,100.0,828.630257,31932.67,FD_PDTS_Deterministic,44,190,8,0.032,GREEDY,False,,,
186167.44,19407.1675,784.48,2985.0,49.75,52.32,133.03,11385.0,0.0,0,100.0,825.967124,31900.65,FD_PDTS_Robust,44,190,8,0.033,GREEDY,False,,,
139974.48,15369.215,609.48,3045.0,50.75,51.29,146.84,11865.0,0.0,0,100.0,700.992238,24009.41,CP_SAT_Warm,44,190,8,120.03,FEASIBLE,False,256619260.0,130415280.0,True
105669.88,15331.3575,214.48,3450.0,57.5,45.27,424.03,15105.0,630.0,14,92.63,808.941897,18400.36,CP_SAT_Cold,44,190,8,120.05,FEASIBLE,False,173512250.0,21350.0,False
196191.55,19771.3975,784.48,2940.0,49.0,50.64,53.25,11610.0,0.0,0,100.0,815.417671,33110.76,FCFS,45,200,8,0.005,GREEDY,False,,,
181141.3,19940.3375,709.48,2940.0,49.0,50.64,77.4,11610.0,330.0,2,99.0,902.253208,30610.86,SPT,45,200,8,0.005,GREEDY,False,,,
198504.34,19820.48,784.48,2940.0,49.0,50.64,57.67,11610.0,0.0,0,100.0,827.728954,33616.87,LPT,45,200,8,0.005,GREEDY,False,,,
193356.28,19936.065,784.48,2940.0,49.0,50.64,59.02,11610.0,0.0,0,100.0,853.140295,32699.05,EDD,45,200,8,0.005,GREEDY,False,,,
201619.62,20595.5925,784.48,2940.0,49.0,50.64,50.33,11610.0,0.0,0,100.0,864.743873,34147.06,Energy_Unaware_Greedy,45,200,8,0.005,GREEDY,False,,,
195305.23,19761.9875,784.48,2940.0,49.0,50.64,53.55,11610.0,0.0,0,100.0,828.938642,33029.21,Makespan_Greedy,45,200,8,0.005,GREEDY,False,,,
173214.1,17308.7575,784.48,3000.0,50.0,49.62,85.72,12090.0,0.0,0,100.0,735.507901,29323.43,FD_PDTS_Deterministic,45,200,8,0.034,GREEDY,False,,,
174421.96,17562.2425,784.48,3015.0,50.25,49.38,90.67,12210.0,0.0,0,100.0,763.598894,29562.24,FD_PDTS_Robust,45,200,8,0.034,GREEDY,False,,,
128080.98,13478.005,426.48,3030.0,50.5,49.13,102.38,12330.0,0.0,0,100.0,608.684581,21724.53,CP_SAT_Warm,45,200,8,120.01,FEASIBLE,False,229770830.0,127099430.0,True
98954.22,13308.0375,249.48,3555.0,59.25,41.88,423.3,16530.0,1170.0,18,91.0,704.405683,17005.85,CP_SAT_Cold,45,200,8,120.05,FEASIBLE,False,156245960.0,2426740.0,False
192624.56,19215.5525,784.48,2955.0,49.25,51.02,87.17,11580.0,0.0,0,100.0,786.125454,32822.36,FCFS,46,180,8,0.005,GREEDY,False,,,
179810.75,19938.8475,709.48,3030.0,50.5,49.75,121.33,12180.0,2145.0,5,97.22,863.564913,30798.56,SPT,46,180,8,0.005,GREEDY,False,,,
198142.01,19464.3775,784.48,2955.0,49.25,51.02,103.67,11580.0,195.0,2,98.89,773.955513,33745.09,LPT,46,180,8,0.005,GREEDY,False,,,
197073.57,20098.045,784.48,2940.0,49.0,51.28,83.33,11460.0,0.0,0,100.0,823.019253,33543.07,EDD,46,180,8,0.005,GREEDY,False,,,
198539.31,20203.13,784.48,2955.0,49.25,51.02,88.42,11580.0,0.0,0,100.0,824.091099,33847.5,Energy_Unaware_Greedy,46,180,8,0.005,GREEDY,False,,,
194520.16,19472.0325,784.48,2955.0,49.25,51.02,89.5,11580.0,0.0,0,100.0,789.125933,33133.38,Makespan_Greedy,46,180,8,0.005,GREEDY,False,,,
184693.16,18565.1425,784.48,2970.0,49.5,50.76,120.92,11700.0,0.0,0,100.0,763.915971,31522.11,FD_PDTS_Deterministic,46,180,8,0.032,GREEDY,False,,,
187084.84,18977.3125,784.48,2955.0,49.25,51.02,117.58,11580.0,0.0,0,100.0,785.880622,31908.28,FD_PDTS_Robust,46,180,8,0.033,GREEDY,False,,,
137745.59,14535.645,609.48,2955.0,49.25,51.02,132.42,11580.0,0.0,0,100.0,620.866163,23552.58,CP_SAT_Warm,46,180,8,120.02,FEASIBLE,False,260235350.0,153370890.0,True
95022.14,14496.555,161.48,3345.0,55.75,45.07,469.67,14700.0,495.0,9,95.0,751.139651,16454.63,CP_SAT_Cold,46,180,8,120.05,FEASIBLE,False,164953120.0,672280.0,False
166645.04,16303.56,784.48,2880.0,48.0,41.41,31.78,13500.0,0.0,0,100.0,681.762683,28126.54,FCFS,47,160,8,0.004,GREEDY,False,,,
160493.97,15890.855,742.48,2850.0,47.5,41.84,39.28,13260.0,0.0,0,100.0,703.320008,27066.95,SPT,47,160,8,0.004,GREEDY,False,,,
163485.44,15838.6875,784.48,2880.0,48.0,41.41,27.28,13500.0,0.0,0,100.0,656.468342,27547.44,LPT,47,160,8,0.004,GREEDY,False,,,
162411.53,16070.5225,749.48,2880.0,48.0,41.41,38.62,13500.0,0.0,0,100.0,682.380235,27492.21,EDD,47,160,8,0.004,GREEDY,False,,,
170649.43,16667.0125,784.48,2880.0,48.0,41.41,26.81,13500.0,0.0,0,100.0,689.809759,28770.35,Energy_Unaware_Greedy,47,160,8,0.004,GREEDY,False,,,
163268.28,15723.8125,784.48,2880.0,48.0,41.41,28.5,13500.0,0.0,0,100.0,654.416631,27453.72,Makespan_Greedy,47,160,8,0.004,GREEDY,False,,,
139227.95,13126.555,784.48,2895.0,48.25,41.19,56.06,13620.0,0.0,0,100.0,542.298433,23544.36,FD_PDTS_Deterministic,47,160,8,0.03,GREEDY,False,,,
139227.95,13126.555,784.48,2895.0,48.25,41.19,56.06,13620.0,0.0,0,100.0,542.298433,23544.36,FD_PDTS_Robust,47,160,8,0.031,GREEDY,False,,,
104795.5,9861.04,454.48,2865.0,47.75,41.62,61.97,13380.0,0.0,0,100.0,451.755399,17690.96,CP_SAT_Warm,47,160,8,120.02,FEASIBLE,False,180868850.0,113210410.0,True
75277.14,9937.83,161.48,3270.0,54.5,36.47,411.84,16620.0,810.0,12,92.5,565.7635,13038.22,CP_SAT_Cold,47,160,8,120.04,FEASIBLE,False,111308650.0,3587280.0,False
185786.63,17455.635,784.48,2835.0,47.25,47.75,52.27,11850.0,0.0,0,100.0,667.92919,31511.53,FCFS,48,165,8,0.004,GREEDY,False,,,
174999.05,18278.99,784.48,2955.0,49.25,45.81,85.0,12810.0,450.0,3,98.18,768.914744,29914.89,SPT,48,165,8,0.005,GREEDY,False,,,
188155.43,17496.6225,784.48,2835.0,47.25,47.75,65.73,11850.0,0.0,0,100.0,655.862257,31935.64,LPT,48,165,8,0.004,GREEDY,False,,,
187132.63,17978.08,784.48,2835.0,47.25,47.75,67.0,11850.0,0.0,0,100.0,718.047706,31851.92,EDD,48,165,8,0.005,GREEDY,False,,,
192220.67,18608.585,784.48,2835.0,47.25,47.75,60.55,11850.0,0.0,0,100.0,724.586173,32560.77,Energy_Unaware_Greedy,48,165,8,0.004,GREEDY,False,,,
190286.43,17855.1875,784.48,2835.0,47.25,47.75,52.0,11850.0,0.0,0,100.0,680.431544,32194.36,Makespan_Greedy,48,165,8,0.004,GREEDY,False,,,
174503.91,16761.67,784.48,2850.0,47.5,47.5,90.73,11970.0,0.0,0,100.0,653.250693,29663.33,FD_PDTS_Deterministic,48,165,8,0.03,GREEDY,False,,,
170659.45,16042.9175,784.48,2910.0,48.5,46.52,93.91,12450.0,0.0,0,100.0,625.503287,29051.36,FD_PDTS_Robust,48,165,8,0.029,GREEDY,False,,,
129464.71,12501.785,454.48,2955.0,49.25,45.81,105.73,12810.0,0.0,0,100.0,521.788787,22113.93,CP_SAT_Warm,48,165,8,120.02,FEASIBLE,False,235870610.0,154049410.0,True
85359.32,12122.195,119.48,3405.0,56.75,39.76,464.09,16410.0,855.0,13,92.12,656.288561,14910.89,CP_SAT_Cold,48,165,8,120.04,FEASIBLE,False,137975470.0,448420.0,False
185654.62,17191.91,784.48,2775.0,46.25,46.35,38.62,11910.0,0.0,0,100.0,689.583056,31782.97,FCFS,49,160,8,0.004,GREEDY,False,,,
162579.72,16974.2825,749.48,3015.0,50.25,42.66,81.94,13830.0,90.0,1,99.38,778.028603,27953.84,SPT,49,160,8,0.004,GREEDY,False,,,
184760.0,17374.5375,784.48,2775.0,46.25,46.35,55.88,11910.0,0.0,0,100.0,707.07116,31564.49,LPT,49,160,8,0.004,GREEDY,False,,,
178272.66,16933.7425,784.48,2805.0,46.75,45.86,53.72,12150.0,0.0,0,100.0,700.171686,30428.56,EDD,49,160,8,0.004,GREEDY,False,,,
185777.16,17387.925,784.48,2820.0,47.0,45.61,50.44,12270.0,0.0,0,100.0,711.939788,31716.63,Energy_Unaware_Greedy,49,160,8,0.004,GREEDY,False,,,
177906.74,16362.385,784.48,2790.0,46.5,46.1,41.91,12030.0,0.0,0,100.0,663.461656,30477.43,Makespan_Greedy,49,160,8,0.004,GREEDY,False,,,
162181.26,15044.05,784.48,2895.0,48.25,44.43,78.75,12870.0,0.0,0,100.0,632.784274,27806.14,FD_PDTS_Deterministic,49,160,8,0.029,GREEDY,False,,,
162269.31,15014.1625,784.48,2895.0,48.25,44.43,78.66,12870.0,0.0,0,100.0,631.438524,27800.29,FD_PDTS_Robust,49,160,8,0.029,GREEDY,False,,,
122779.02,11582.5525,499.48,2955.0,49.25,43.53,88.22,13350.0,0.0,0,100.0,509.125037,21064.02,CP_SAT_Warm,49,160,8,120.02,FEASIBLE,False,218435650.0,132529650.0,True
84775.64,11203.84,86.48,3465.0,57.75,37.12,441.47,17430.0,735.0,15,90.62,623.564662,14926.78,CP_SAT_Cold,49,160,8,120.08,FEASIBLE,False,126238710.0,2063610.0,False
208592.58,20506.0175,784.48,2865.0,47.75,54.19,67.69,10500.0,0.0,0,100.0,817.630658,35348.3,FCFS,50,195,8,0.005,GREEDY,False,,,
183704.88,20212.0125,784.48,2955.0,49.25,52.54,99.08,11220.0,135.0,1,99.49,879.445019,31200.39,SPT,50,195,8,0.005,GREEDY,False,,,
209921.61,20589.6775,784.48,2865.0,47.75,54.19,89.38,10500.0,0.0,0,100.0,831.423758,35617.17,LPT,50,195,8,0.005,GREEDY,False,,,
194743.52,20053.46,784.48,2880.0,48.0,53.91,91.85,10620.0,0.0,0,100.0,849.865869,33035.72,EDD,50,195,8,0.005,GREEDY,False,,,
210100.35,20927.785,784.48,2880.0,48.0,53.91,72.31,10620.0,0.0,0,100.0,837.69652,35652.25,Energy_Unaware_Greedy,50,195,8,0.005,GREEDY,False,,,
212412.42,20826.6375,784.48,2865.0,47.75,54.19,66.15,10500.0,0.0,0,100.0,835.275384,36044.17,Makespan_Greedy,50,195,8,0.005,GREEDY,False,,,
189869.74,18862.7825,784.48,2910.0,48.5,53.35,104.92,10860.0,0.0,0,100.0,757.501709,32405.53,FD_PDTS_Deterministic,50,195,8,0.032,GREEDY,False,,,
189834.61,18853.385,784.48,2910.0,48.5,53.35,105.46,10860.0,0.0,0,100.0,757.062584,32399.2,FD_PDTS_Robust,50,195,8,0.033,GREEDY,False,,,
144723.26,14836.1225,499.48,2910.0,48.5,53.35,115.69,10860.0,0.0,0,100.0,628.934845,24666.28,CP_SAT_Warm,50,195,8,120.02,FEASIBLE,False,268927560.0,164618520.0,True
102232.48,15224.585,161.48,3420.0,57.0,45.39,461.69,14940.0,1110.0,19,90.26,797.449452,17905.63,CP_SAT_Cold,50,195,8,120.05,FEASIBLE,False,169636540.0,10850.0,False
182815.09,17840.655,784.48,2850.0,47.5,48.22,63.69,11805.0,0.0,0,100.0,736.068826,30947.43,FCFS,51,175,8,0.004,GREEDY,False,,,
173426.83,18559.4975,784.48,2925.0,48.75,46.99,83.57,12405.0,210.0,1,99.43,808.056362,29505.03,SPT,51,175,8,0.004,GREEDY,False,,,
185322.65,17578.82,784.48,2850.0,47.5,48.22,65.23,11805.0,0.0,0,100.0,704.677831,31336.57,LPT,51,175,8,0.004,GREEDY,False,,,
173432.15,17405.565,784.48,2865.0,47.75,47.97,71.57,11925.0,0.0,0,100.0,742.995319,29287.02,EDD,51,175,8,0.005,GREEDY,False,,,
193084.8,19032.5125,784.48,2850.0,47.5,48.22,62.23,11805.0,0.0,0,100.0,782.516008,32681.97,Energy_Unaware_Greedy,51,175,8,0.005,GREEDY,False,,,
184802.83,18030.385,784.48,2850.0,47.5,48.22,64.63,11805.0,0.0,0,100.0,744.101387,31196.38,Makespan_Greedy,51,175,8,0.005,GREEDY,False,,,
168955.28,16422.0375,784.48,2850.0,47.5,48.22,86.31,11805.0,0.0,0,100.0,682.494853,28664.23,FD_PDTS_Deterministic,51,175,8,0.032,GREEDY,False,,,
169016.96,16476.8325,784.48,2865.0,47.75,47.97,88.8,11925.0,0.0,0,100.0,697.080352,28590.15,FD_PDTS_Robust,51,175,8,0.032,GREEDY,False,,,
126058.42,12296.855,454.48,2880.0,48.0,47.72,91.63,12045.0,0.0,0,100.0,523.639879,21373.25,CP_SAT_Warm,51,175,8,120.02,FEASIBLE,False,227107810.0,135030380.0,True
87136.14,11905.97,161.48,3315.0,55.25,41.46,477.77,15525.0,450.0,7,96.0,649.299513,15151.34,CP_SAT_Cold,51,175,8,120.05,FEASIBLE,False,137226260.0,14000.0,False
202075.94,21264.5775,784.48,2895.0,48.25,55.63,132.22,10275.0,0.0,0,100.0,863.247516,34240.9,FCFS,52,200,8,0.005,GREEDY,False,,,
185762.35,21248.915,784.48,3060.0,51.0,52.63,139.72,11595.0,750.0,6,97.0,918.843883,31591.94,SPT,52,200,8,0.005,GREEDY,False,,,
209518.25,21470.4175,784.48,2895.0,48.25,55.63,166.72,10275.0,555.0,4,98.0,869.196522,35691.15,LPT,52,200,8,0.005,GREEDY,False,,,
201594.79,21411.86,784.48,2895.0,48.25,55.63,118.88,10275.0,0.0,0,100.0,874.965923,34245.27,EDD,52,200,8,0.006,GREEDY,False,,,
207790.25,21850.73,784.48,2895.0,48.25,55.63,126.83,10275.0,0.0,0,100.0,883.016927,35331.48,Energy_Unaware_Greedy,52,200,8,0.005,GREEDY,False,,,
202333.23,20953.7425,784.48,2895.0,48.25,55.63,131.7,10275.0,0.0,0,100.0,852.881895,34365.84,Makespan_Greedy,52,200,8,0.005,GREEDY,False,,,
190209.28,20239.4575,784.48,2895.0,48.25,55.63,160.65,10275.0,0.0,0,100.0,847.429511,32321.53,FD_PDTS_Deterministic,52,200,8,0.034,GREEDY,False,,,
191760.67,20211.435,784.48,2895.0,48.25,55.63,158.78,10275.0,0.0,0,100.0,840.645113,32591.24,FD_PDTS_Robust,52,200,8,0.033,GREEDY,False,,,
145579.81,15948.1025,609.48,2925.0,48.75,55.06,170.32,10515.0,0.0,0,100.0,694.291294,24782.4,CP_SAT_Warm,52,200,8,120.02,FEASIBLE,False,273485950.0,162239390.0,True
107694.7,15532.6325,249.48,3480.0,58.0,46.28,435.23,14955.0,705.0,14,93.0,784.972149,18574.93,CP_SAT_Cold,52,200,8,120.05,FEASIBLE,False,186515790.0,2666720.0,False
203168.41,19821.55,784.48,2940.0,49.0,51.34,48.32,11445.0,0.0,0,100.0,775.821444,34277.62,FCFS,53,190,8,0.004,GREEDY,False,,,
181089.65,19732.55,784.48,3045.0,50.75,49.57,90.87,12285.0,810.0,3,98.42,846.1865,30613.48,SPT,53,190,8,0.005,GREEDY,False,,,
205428.51,20242.3125,784.48,2940.0,49.0,51.34,65.45,11445.0,0.0,0,100.0,798.986727,34758.16,LPT,53,190,8,0.005,GREEDY,False,,,
198782.33,20258.415,784.48,2955.0,49.25,51.08,64.74,11565.0,0.0,0,100.0,811.064588,33546.87,EDD,53,190,8,0.005,GREEDY,False,,,
207625.07,20839.065,784.48,2940.0,49.0,51.34,56.76,11445.0,0.0,0,100.0,831.382158,35108.95,Energy_Unaware_Greedy,53,190,8,0.005,GREEDY,False,,,
200719.53,19848.1725,784.48,2955.0,49.25,51.08,52.42,11565.0,0.0,0,100.0,779.79325,34013.94,Makespan_Greedy,53,190,8,0.005,GREEDY,False,,,
183074.05,18230.9375,784.48,2955.0,49.25,51.08,90.95,11565.0,0.0,0,100.0,732.107321,30987.23,FD_PDTS_Deterministic,53,190,8,0.032,GREEDY,False,,,
182897.51,18375.7025,784.48,2955.0,49.25,51.08,87.87,11565.0,0.0,0,100.0,746.54904,30895.4,FD_PDTS_Robust,53,190,8,0.032,GREEDY,False,,,
139401.84,14673.0025,454.48,2925.0,48.75,51.6,96.55,11325.0,0.0,0,100.0,625.131389,23653.75,CP_SAT_Warm,53,190,8,120.02,FEASIBLE,False,259926430.0,150879230.0,True
96753.75,14123.29,161.48,3345.0,55.75,45.12,424.03,14685.0,645.0,11,94.21,726.116606,16885.35,CP_SAT_Cold,53,190,8,120.05,FEASIBLE,False,165407570.0,1541900.0,False
175441.85,15894.55,784.48,2865.0,47.75,42.8,47.47,13110.0,0.0,0,100.0,626.009698,29773.83,FCFS,54,170,8,0.004,GREEDY,False,,,
163956.18,16250.7025,784.48,2865.0,47.75,42.8,73.5,13110.0,0.0,0,100.0,691.765484,27726.74,SPT,54,170,8,0.004,GREEDY,False,,,
181733.79,16543.785,784.48,2865.0,47.75,42.8,46.76,13110.0,0.0,0,100.0,660.807554,30733.5,LPT,54,170,8,0.004,GREEDY,False,,,
172944.71,16334.5,784.48,2865.0,47.75,42.8,63.18,13110.0,0.0,0,100.0,686.146848,29226.39,EDD,54,170,8,0.004,GREEDY,False,,,
177226.34,16134.8775,784.48,2865.0,47.75,42.8,46.76,13110.0,0.0,0,100.0,635.246217,29978.5,Energy_Unaware_Greedy,54,170,8,0.004,GREEDY,False,,,
175826.17,16135.14,784.48,2865.0,47.75,42.8,53.29,13110.0,0.0,0,100.0,643.74694,29722.56,Makespan_Greedy,54,170,8,0.004,GREEDY,False,,,
162421.95,14765.4925,784.48,2880.0,48.0,42.58,79.85,13230.0,0.0,0,100.0,587.626496,27478.85,FD_PDTS_Deterministic,54,170,8,0.031,GREEDY,False,,,
160688.5,14622.8525,784.48,2865.0,47.75,42.8,82.68,13110.0,0.0,0,100.0,583.869798,27151.65,FD_PDTS_Robust,54,170,8,0.031,GREEDY,False,,,
118312.1,10918.845,499.48,2880.0,48.0,42.58,87.62,13230.0,0.0,0,100.0,467.351581,20092.54,CP_SAT_Warm,54,170,8,120.02,FEASIBLE,False,212513990.0,135028840.0,True
77000.89,10623.715,86.48,3375.0,56.25,36.33,466.85,17190.0,810.0,14,91.76,589.507001,13450.46,CP_SAT_Cold,54,170,8,120.04,FEASIBLE,False,117295010.0,5600.0,False
199630.16,19625.255,784.48,2940.0,49.0,50.77,83.4,11580.0,0.0,0,100.0,801.554239,34067.52,FCFS,55,200,8,0.005,GREEDY,False,,,
181232.71,19446.1375,784.48,3210.0,53.5,46.5,105.45,13740.0,705.0,5,97.5,846.059057,31284.56,SPT,55,200,8,0.005,GREEDY,False,,,
199953.42,19345.955,784.48,2910.0,48.5,51.29,104.92,11340.0,285.0,3,98.5,769.61462,34162.73,LPT,55,200,8,0.005,GREEDY,False,,,
197919.11,19603.8125,784.48,3030.0,50.5,49.26,93.9,12300.0,0.0,0,100.0,820.801882,33799.44,EDD,55,200,8,0.006,GREEDY,False,,,
201480.55,20103.5475,784.48,2895.0,48.25,51.55,82.58,11220.0,0.0,0,100.0,832.814482,34367.36,Energy_Unaware_Greedy,55,200,8,0.005,GREEDY,False,,,
198733.88,19768.7475,784.48,2955.0,49.25,50.51,85.58,11700.0,0.0,0,100.0,823.410931,33919.24,Makespan_Greedy,55,200,8,0.005,GREEDY,False,,,
180578.6,17848.2575,784.48,3030.0,50.5,49.26,127.95,12300.0,0.0,0,100.0,756.25633,31007.73,FD_PDTS_Deterministic,55,200,8,0.034,GREEDY,False,,,
180795.2,18000.95,784.48,3030.0,50.5,49.26,130.8,12300.0,0.0,0,100.0,764.078955,31034.07,FD_PDTS_Robust,55,200,8,0.056,GREEDY,False,,,
136887.54,13829.08,454.48,3045.0,50.75,49.01,136.88,12420.0,0.0,0,100.0,617.955736,23490.48,CP_SAT_Warm,55,200,8,120.01,FEASIBLE,False,248749630.0,150712120.0,True
99436.34,13595.6375,161.48,3495.0,58.25,42.7,454.5,16020.0,450.0,15,92.5,718.910587,17281.4,CP_SAT_Cold,55,200,8,120.05,FEASIBLE,False,159419060.0,8050.0,False
171205.92,16397.2975,784.48,2760.0,46.0,45.86,51.51,11955.0,0.0,0,100.0,679.287263,28794.3,FCFS,56,175,8,0.004,GREEDY,False,,,
161969.02,16643.2,784.48,2865.0,47.75,44.18,67.97,12795.0,255.0,2,98.86,727.745606,27232.18,SPT,56,175,8,0.005,GREEDY,False,,,
166808.83,15817.18,784.48,2760.0,46.0,45.86,59.74,11955.0,0.0,0,100.0,659.581698,28022.73,LPT,56,175,8,0.005,GREEDY,False,,,
166007.72,16230.105,784.48,2760.0,46.0,45.86,56.14,11955.0,0.0,0,100.0,683.424342,27813.21,EDD,56,175,8,0.005,GREEDY,False,,,
178140.57,17367.4525,784.48,2760.0,46.0,45.86,49.89,11955.0,0.0,0,100.0,722.648562,29906.53,Energy_Unaware_Greedy,56,175,8,0.004,GREEDY,False,,,
172686.25,16613.6175,784.48,2760.0,46.0,45.86,47.4,11955.0,0.0,0,100.0,688.652148,29092.71,Makespan_Greedy,56,175,8,0.004,GREEDY,False,,,
153089.79,14765.6125,784.48,2775.0,46.25,45.61,87.43,12075.0,0.0,0,100.0,620.485141,25864.25,FD_PDTS_Deterministic,56,175,8,0.032,GREEDY,False,,,
150177.51,14556.4025,784.48,2775.0,46.25,45.61,86.23,12075.0,0.0,0,100.0,617.631288,25364.89,FD_PDTS_Robust,56,175,8,0.032,GREEDY,False,,,
113188.17,11284.325,609.48,2835.0,47.25,44.64,92.14,12555.0,0.0,0,100.0,492.86169,19272.59,CP_SAT_Warm,56,175,8,120.02,FEASIBLE,False,206083910.0,116228980.0,True
76768.31,11066.0225,86.48,3420.0,57.0,37.01,453.86,17235.0,510.0,11,93.71,593.173558,13441.43,CP_SAT_Cold,56,175,8,120.04,FEASIBLE,False,121235110.0,6300.0,False
176855.1,16758.8925,784.48,2865.0,47.75,45.22,101.34,12555.0,0.0,0,100.0,662.287436,30137.66,FCFS,57,160,8,0.004,GREEDY,False,,,
164500.27,16853.2875,742.48,3150.0,52.5,41.13,112.97,14835.0,195.0,2,98.75,741.748916,28316.43,SPT,57,160,8,0.005,GREEDY,False,,,
179010.31,16624.525,784.48,2850.0,47.5,45.46,117.09,12435.0,120.0,1,99.38,646.327881,30567.42,LPT,57,160,8,0.005,GREEDY,False,,,
174665.18,16685.4275,784.48,2985.0,49.75,43.4,99.09,13515.0,0.0,0,100.0,681.900705,29880.34,EDD,57,160,8,0.005,GREEDY,False,,,
185638.08,17905.6,784.48,2940.0,49.0,44.07,103.03,13155.0,0.0,0,100.0,716.720234,31757.06,Energy_Unaware_Greedy,57,160,8,0.004,GREEDY,False,,,
181140.84,17281.6275,784.48,2910.0,48.5,44.52,97.22,12915.0,0.0,0,100.0,682.4379,30889.55,Makespan_Greedy,57,160,8,0.004,GREEDY,False,,,
164448.35,15676.575,784.48,2955.0,49.25,43.85,128.72,13275.0,0.0,0,100.0,638.05779,28240.25,FD_PDTS_Deterministic,57,160,8,0.031,GREEDY,False,,,
162418.22,15414.2425,784.48,3000.0,50.0,43.19,130.97,13635.0,0.0,0,100.0,629.983894,27856.27,FD_PDTS_Robust,57,160,8,0.031,GREEDY,False,,,
123104.99,11866.1675,454.48,3030.0,50.5,42.76,146.06,13875.0,0.0,0,100.0,541.815445,21168.45,CP_SAT_Warm,57,160,8,120.02,FEASIBLE,False,219521060.0,138124810.0,True
84309.99,11793.9425,132.48,3495.0,58.25,37.07,464.53,17595.0,465.0,9,94.38,649.43524,14951.22,CP_SAT_Cold,57,160,8,120.04,FEASIBLE,False,127540830.0,241960.0,False
177631.05,18139.9475,784.48,2910.0,48.5,47.55,47.92,12210.0,0.0,0,100.0,793.61703,30247.42,FCFS,58,180,8,0.004,GREEDY,False,,,
158431.35,18114.845,709.48,3045.0,50.75,45.44,88.08,13290.0,810.0,3,98.33,832.763953,27267.51,SPT,58,180,8,0.005,GREEDY,False,,,
179835.66,18405.4075,784.48,2910.0,48.5,47.55,58.92,12210.0,0.0,0,100.0,793.082367,30535.37,LPT,58,180,8,0.005,GREEDY,False,,,
175433.53,18119.035,784.48,2955.0,49.25,46.83,56.67,12570.0,0.0,0,100.0,798.723088,29825.08,EDD,58,180,8,0.005,GREEDY,False,,,
177777.55,18572.57,784.48,2910.0,48.5,47.55,50.17,12210.0,0.0,0,100.0,813.897603,30247.95,Energy_Unaware_Greedy,58,180,8,0.005,GREEDY,False,,,
175720.57,17713.385,784.48,2910.0,48.5,47.55,46.83,12210.0,0.0,0,100.0,772.908289,29850.05,Makespan_Greedy,58,180,8,0.005,GREEDY,False,,,
157951.31,16278.93,784.48,3000.0,50.0,46.12,83.5,12930.0,0.0,0,100.0,720.350937,26935.29,FD_PDTS_Deterministic,58,180,8,0.032,GREEDY,False,,,
157855.87,16269.57,784.48,3000.0,50.0,46.12,83.92,12930.0,0.0,0,100.0,719.963812,26921.89,FD_PDTS_Robust,58,180,8,0.032,GREEDY,False,,,
118635.09,12496.77,454.48,3060.0,51.0,45.22,91.17,13410.0,0.0,0,100.0,581.179373,20340.13,CP_SAT_Warm,58,180,8,120.02,FEASIBLE,False,212838600.0,120367430.0,True
86621.33,12361.7525,164.48,3450.0,57.5,40.11,404.33,16530.0,390.0,7,96.11,666.766391,15108.3,CP_SAT_Cold,58,180,8,120.05,FEASIBLE,False,137600980.0,1039430.0,False
195833.46,19473.45,784.48,2985.0,49.75,48.62,55.69,12270.0,0.0,0,100.0,760.253541,33354.58,FCFS,59,195,8,0.004,GREEDY,False,,,
170411.36,18692.8175,784.48,3165.0,52.75,45.85,83.69,13710.0,975.0,3,98.46,820.841155,29125.54,SPT,59,195,8,0.005,GREEDY,False,,,
192998.61,19090.0275,784.48,2985.0,49.75,48.62,70.31,12270.0,0.0,0,100.0,734.324475,32827.9,LPT,59,195,8,0.005,GREEDY,False,,,
188554.88,18834.5075,784.48,3000.0,50.0,48.38,61.0,12390.0,0.0,0,100.0,759.160386,32069.66,EDD,59,195,8,0.005,GREEDY,False,,,
201424.37,20315.775,784.48,2985.0,49.75,48.62,50.38,12270.0,0.0,0,100.0,801.469073,34205.4,Energy_Unaware_Greedy,59,195,8,0.004,GREEDY,False,,,
191108.72,18867.8325,784.48,3000.0,50.0,48.38,54.69,12390.0,0.0,0,100.0,732.873757,32504.21,Makespan_Greedy,59,195,8,0.005,GREEDY,False,,,
175962.31,17303.5,784.48,3000.0,50.0,48.38,93.0,12390.0,0.0,0,100.0,683.639128,30034.8,FD_PDTS_Deterministic,59,195,8,0.032,GREEDY,False,,,
175676.59,17285.4675,784.48,3000.0,50.0,48.38,93.54,12390.0,0.0,0,100.0,678.036573,29956.01,FD_PDTS_Robust,59,195,8,0.054,GREEDY,False,,,
133448.11,13403.7775,519.48,3060.0,51.0,47.43,100.15,12870.0,0.0,0,100.0,576.867777,22610.4,CP_SAT_Warm,59,195,8,120.02,FEASIBLE,False,248527980.0,167083690.0,True
89925.9,13807.5625,161.48,3540.0,59.0,41.0,473.46,16710.0,600.0,9,95.38,717.633599,15795.11,CP_SAT_Cold,59,195,8,120.04,FEASIBLE,False,152451190.0,5250.0,False
173638.7,16341.175,784.48,2940.0,49.0,39.92,30.45,14130.0,0.0,0,100.0,679.467267,29680.53,FCFS,60,165,8,0.004,GREEDY,False,,,
164219.23,16272.23,784.48,2940.0,49.0,39.92,52.64,14130.0,105.0,1,99.39,718.589484,28060.12,SPT,60,165,8,0.004,GREEDY,False,,,
170203.95,15786.85,784.48,2925.0,48.75,40.13,31.91,14010.0,0.0,0,100.0,640.933467,28999.55,LPT,60,165,8,0.004,GREEDY,False,,,
169555.46,15938.9475,784.48,2940.0,49.0,39.92,37.45,14130.0,0.0,0,100.0,661.992226,28944.8,EDD,60,165,8,0.004,GREEDY,False,,,
178311.31,16650.9225,784.48,2925.0,48.75,40.13,29.64,14010.0,0.0,0,100.0,689.809826,30424.78,Energy_Unaware_Greedy,60,165,8,0.004,GREEDY,False,,,
172739.58,15967.82,784.48,2940.0,49.0,39.92,29.82,14130.0,0.0,0,100.0,664.027998,29475.22,Makespan_Greedy,60,165,8,0.004,GREEDY,False,,,
146555.88,13267.8925,709.48,2925.0,48.75,40.13,60.82,14010.0,0.0,0,100.0,555.065769,24905.72,FD_PDTS_Deterministic,60,165,8,0.029,GREEDY,False,,,
146555.88,13267.8925,709.48,2925.0,48.75,40.13,60.82,14010.0,0.0,0,100.0,555.065769,24905.72,FD_PDTS_Robust,60,165,8,0.03,GREEDY,False,,,
109979.27,10073.27,344.48,2910.0,48.5,40.34,70.09,13890.0,0.0,0,100.0,456.955413,18724.7,CP_SAT_Warm,60,165,8,120.02,FEASIBLE,False,190972850.0,124949390.0,True
74681.14,9836.14,139.48,3345.0,55.75,35.09,438.55,17370.0,720.0,14,91.52,567.185885,13027.17,CP_SAT_Cold,60,165,8,120.04,FEASIBLE,False,109038620.0,1101340.0,False
191112.21,18341.9575,784.48,2850.0,47.5,48.03,79.11,11850.0,0.0,0,100.0,714.436941,32314.2,FCFS,61,175,8,0.004,GREEDY,False,,,
167466.61,17877.2375,689.48,2940.0,49.0,46.56,97.54,12570.0,810.0,4,97.71,740.408733,28525.99,SPT,61,175,8,0.005,GREEDY,False,,,
193790.68,18387.96,784.48,2715.0,45.25,50.41,92.74,10770.0,315.0,2,98.86,694.305386,32653.18,LPT,61,175,8,0.005,GREEDY,False,,,
180881.03,17901.425,784.48,2835.0,47.25,48.28,91.37,11730.0,0.0,0,100.0,722.086917,30494.18,EDD,61,175,8,0.005,GREEDY,False,,,
195761.34,18997.305,784.48,2835.0,47.25,48.28,79.89,11730.0,0.0,0,100.0,739.587935,33187.82,Energy_Unaware_Greedy,61,175,8,0.005,GREEDY,False,,,
185529.44,18008.3775,784.48,2820.0,47.0,48.54,94.11,11610.0,0.0,0,100.0,707.584603,31313.98,Makespan_Greedy,61,175,8,0.004,GREEDY,False,,,
172241.95,16908.185,784.48,2925.0,48.75,46.79,119.66,12450.0,0.0,0,100.0,677.924971,29321.99,FD_PDTS_Deterministic,61,175,8,0.032,GREEDY,False,,,
173246.72,17165.3825,784.48,2910.0,48.5,47.04,120.77,12330.0,0.0,0,100.0,699.424257,29589.25,FD_PDTS_Robust,61,175,8,0.031,GREEDY,False,,,
127136.37,12930.025,514.48,2970.0,49.5,46.09,128.49,12810.0,0.0,0,100.0,558.235293,21705.06,CP_SAT_Warm,61,175,8,120.02,FEASIBLE,False,235745910.0,132198910.0,True
84141.6,12323.7975,86.48,3225.0,53.75,42.44,428.74,14850.0,900.0,14,92.0,646.468621,14703.42,CP_SAT_Cold,61,175,8,120.04,FEASIBLE,False,140385520.0,6650.0,False
